"","TACGGAGGGTGCAAGCGTTAATCGGAATTACTGGGCGTAAAGCGCACGCAGGCGGTCTGTCAAGTCGGATGTGAAATCCCCGGGCTCAACCTGGGAACTGCATTCGAAACTGGCAGGCTAGAGTCTTGTAGAGGGGGGTAGAATTCCAGGTGTAGCGGTGAAATGCGTAGAGATCTGGAGGAATACCGGTGGCGAAGGCGGCCCCCTGGACAAAGACTGACGCTCAGGTGCGAAAGCGTGGGGAGCAAACAGG","TACGTAGGGTGCGAGCGTTGTCCGGAATTACTGGGCGTAAAGGGCTCGTAGGTGGTTTGTCGCGTCGTCTGTGAAATTCTGGGGCTTAACTCCGGGCGTGCAGGCGATACGGGCATAACTTGAGTGCTGTAGGGGTAACTGGAATTCCTGGTGTAGCGGTGAAATGCGCAGATATCAGGAGGAACACCGATGGCGAAGGCAGGTTACTGGGCAGTTACTGACGCTGAGGAGCGAAAGCATGGGTAGCGAACAGG","TACGTAGGGTGCAAGCGTTGTCCGGAATTACTGGGCGTAAAGAGCTCGTAGGTGGTTTGTCACGTCGTCTGTGAAATTCCACAGCTTAACTGTGGGCGTGCAGGCGATACGGGCTGACTTGAGTACTGTAGGGGTAACTGGAATTCCTGGTGTAGCGGTGAAATGCGCAGATATCAGGAGGAACACCGATGGCGAAGGCAGGTTACTGGGCAGTTACTGACGCTGAGGAGCGAAAGCATGGGTAGCAAACAGG","TACGTAGGTGACAAGCGTTGTCCGGATTTATTGGGCGTAAAGGGAGCGCAGGCGGTCTGTTTAGTCTAATGTGAAAGCCCACGGCTTAACCGTGGAACGGCATTGGAAACTGACAGACTTGAATGTAGAAGAGGAAAATGGAATTCCAAGTGTAGCGGTGGAATGCGTAGATATTTGGAGGAACACCAGTGGCGAAGGCGATTTTCTGGTCTAACATTGACGCTGAGGCTCGAAAGCGTGGGGAGCGAACAGG","TACGTAGGTCCCGAGCGTTGTCCGGATTTATTGGGCGTAAAGCGAGCGCAGGCGGTTAGATAAGTCTGAAGTTAAAGGCTGTGGCTTAACCATAGTACGCTTTGGAAACTGTTTAACTTGAGTGCAAGAGGGGAGAGTGGAATTCCATGTGTAGCGGTGAAATGCGTAGATATATGGAGGAACACCGGTGGCGAAAGCGGCTCTCTGGCTTGTAACTGACGCTGAGGCTCGAAAGCGTGGGGAGCAAACAGG"
"SAMPLED_5080-MS-1_328-GATCTACG-TCGACGAG_S328_L001",0,0,0,0,0
"SAMPLED_5080-MS-1_339-ACTCACTG-GATCGTGT_S339_L001",0,0,13,0,0
"SAMPLED_5348-MS-1_162-ACGTGCGC-GGATATCT_S162_L001",0,12,0,13,3
"SAMPLED_5348-MS-1_297-GTCTGCTA-ACGTCTCG_S297_L001",35,6,0,0,0
"SAMPLED_5348-MS-1_381-TGCTCGTA-GTCAGATA_S381_L001",0,0,0,0,0
"SAMPLED_5080-MS-1_307-ATAGTACC-ACGTCTCG_S307_L001",0,0,0,0,0
"SAMPLED_5080-MS-1_313-GACATAGT-TCGACGAG_S313_L001",0,0,0,0,0
"FakeNeg1",0,0,0,0,0
"FakeNeg2",0,0,0,0,0
"FakeNeg3",0,0,0,0,0
"FakeNeg4",0,0,0,0,0
"FakeNeg5",0,0,0,0,0
"FakeNeg6",0,0,0,0,0
"FakeNeg7",0,0,0,0,0
"FakeNeg8",0,0,0,0,0
